symbol,direction,entry_time,entry,stop,risk,r_multiple,bars_held,hours_held
US30m,short,2021-07-12 07:45:00+00:00,34731.4,34831.1,99.69999999999709,-0.3490471414242392,21,5.25
US30m,short,2021-07-16 14:30:00+00:00,34850.2,35055.9,205.70000000000437,1.5123966942148368,50,12.5
US30m,long,2021-07-30 08:30:00+00:00,35027.1,34932.6,94.5,-0.7968253968253506,35,8.75
US30m,short,2021-08-04 08:15:00+00:00,35071.5,35115.4,43.900000000001455,4.6537585421411425,40,10.0
US30m,long,2021-08-09 13:15:00+00:00,35136.9,35068.2,68.70000000000437,-1.0,2,0.5
US30m,short,2021-08-18 08:00:00+00:00,35262.1,35356.5,94.40000000000146,-0.23199152542374066,24,6.0
US30m,short,2021-08-30 14:00:00+00:00,35419.9,35497.2,77.29999999999563,-1.0,5,1.25
US30m,short,2021-09-01 13:15:00+00:00,35417.3,35500.0,82.69999999999709,0.6662636033858254,12,3.0
US30m,long,2021-09-20 14:00:00+00:00,34165.6,33947.3,218.29999999999563,-1.0,9,2.25
US30m,short,2021-09-28 07:15:00+00:00,34835.5,34938.1,102.59999999999854,0.6988304093567067,19,4.75
US30m,short,2021-10-04 14:45:00+00:00,34027.7,34360.2,332.5,0.10887218045111907,17,4.25
US30m,long,2021-10-20 14:00:00+00:00,35539.6,35430.5,109.09999999999854,0.19798350137487472,14,3.5
US30m,long,2021-11-15 09:15:00+00:00,36170.4,36069.5,100.90000000000146,0.24083250743305534,22,5.5
US30m,short,2021-11-19 09:15:00+00:00,35976.4,36029.1,52.69999999999709,3.5844402277042104,21,5.25
US30m,long,2021-11-23 10:00:00+00:00,35623.7,35435.3,188.39999999999418,-0.2600849256900293,19,4.75
US30m,long,2021-12-02 15:00:00+00:00,34528.0,34137.8,390.1999999999971,0.12352639671962443,26,6.5
US30m,short,2021-12-08 07:30:00+00:00,35766.3,35874.7,108.39999999999418,-0.7047970479704638,18,4.5
US30m,long,2021-12-08 12:15:00+00:00,35866.7,35663.4,203.29999999999563,-0.4141662567633984,8,2.0
US30m,long,2021-12-20 12:15:00+00:00,35051.8,34752.5,299.3000000000029,-0.3969261610424382,10,2.5
US30m,long,2021-12-28 15:00:00+00:00,36501.6,36376.5,125.09999999999854,-0.48601119104713303,10,2.5
US30m,long,2022-01-06 07:30:00+00:00,36457.6,36293.3,164.29999999999563,0.11503347534998148,27,6.75
US30m,short,2022-01-06 14:45:00+00:00,36428.0,36542.9,114.90000000000146,0.39686684073105283,12,3.0
US30m,short,2022-01-14 12:15:00+00:00,36075.8,36236.8,161.0,1.149689440993825,34,8.5
US30m,long,2022-01-19 08:30:00+00:00,35243.8,35167.9,75.90000000000146,1.8260869565216848,28,7.0
US30m,long,2022-01-25 09:45:00+00:00,34242.4,33964.9,277.5,-0.6828828828828829,14,3.5
US30m,short,2022-02-10 14:00:00+00:00,35609.1,35819.8,210.70000000000437,2.321309919316509,59,14.75
US30m,long,2022-03-17 14:15:00+00:00,34073.1,33900.2,172.90000000000146,1.2747252747252724,33,8.25
US30m,short,2022-03-21 14:30:00+00:00,34581.7,34711.4,129.70000000000437,0.37933693138007274,22,5.5
US30m,short,2022-03-28 13:00:00+00:00,34833.2,34928.7,95.5,-1.0,28,7.0
US30m,long,2022-03-30 14:15:00+00:00,35323.1,35146.4,176.6999999999971,-0.5489530277306259,12,3.0
US30m,short,2022-04-06 08:00:00+00:00,34529.1,34713.7,184.59999999999854,0.39111592632718123,32,8.0
US30m,long,2022-04-12 09:00:00+00:00,34296.9,34154.7,142.20000000000437,1.180731364275642,30,7.5
US30m,short,2022-04-29 07:30:00+00:00,33907.7,33974.9,67.20000000000437,-1.0,2,0.5
US30m,short,2022-05-04 13:00:00+00:00,33195.7,33289.6,93.90000000000146,-1.0,4,1.0
US30m,short,2022-05-10 15:00:00+00:00,32278.5,32630.0,351.5,0.18406827880512297,34,8.5
US30m,long,2022-05-13 12:15:00+00:00,32042.9,31910.5,132.40000000000146,0.8217522658610127,19,4.75
US30m,short,2022-05-16 14:00:00+00:00,32016.5,32266.8,250.29999999999927,-0.7834598481821778,8,2.0
US30m,long,2022-05-18 10:00:00+00:00,32637.7,32513.6,124.10000000000218,-1.0,5,1.25
US30m,short,2022-05-24 14:45:00+00:00,31447.3,31733.8,286.5,-1.0,7,1.75
US30m,short,2022-05-25 08:30:00+00:00,31906.2,32079.0,172.79999999999927,-0.247685185185182,21,5.25
US30m,long,2022-05-26 07:30:00+00:00,32161.1,32045.3,115.79999999999927,3.707253886010411,59,14.75
US30m,long,2022-06-01 12:45:00+00:00,33218.7,33046.1,172.59999999999854,-1.0,5,1.25
US30m,short,2022-06-03 07:45:00+00:00,33228.1,33297.5,69.40000000000146,3.6527377521613067,61,15.25
US30m,long,2022-06-07 14:45:00+00:00,32957.3,32616.7,340.6000000000022,0.5202583675865999,39,9.75
US30m,long,2022-07-01 08:30:00+00:00,30699.5,30468.5,231.0,-0.2961038961039024,23,5.75
US30m,short,2022-07-13 08:00:00+00:00,30995.8,31116.3,120.5,-0.921161825726141,16,4.0
US30m,short,2022-07-29 13:00:00+00:00,32553.9,32634.8,80.89999999999782,-1.0,5,1.25
US30m,short,2022-08-05 13:00:00+00:00,32519.8,32833.3,313.50000000000364,-0.7467304625199345,17,4.25
US30m,long,2022-09-06 07:30:00+00:00,31579.1,31418.7,160.39999999999782,-0.6720698254364136,24,6.0
US30m,short,2022-09-08 07:45:00+00:00,31554.6,31627.4,72.80000000000291,-0.564560439560447,10,2.5
US30m,short,2022-09-20 08:00:00+00:00,31035.6,31177.3,141.70000000000073,1.8461538461538265,66,16.5
US30m,short,2022-09-22 14:00:00+00:00,30055.9,30354.6,298.6999999999971,-0.4680281218614015,16,4.0
US30m,long,2022-09-23 13:30:00+00:00,29800.2,29646.6,153.60000000000218,-1.0,4,1.0
US30m,short,2022-10-13 13:15:00+00:00,28718.2,29614.9,896.7000000000007,-1.0,9,2.25
US30m,short,2022-10-14 14:30:00+00:00,29917.2,30450.0,532.7999999999993,0.1854354354354343,27,6.75
US30m,short,2022-11-01 14:15:00+00:00,32695.9,33018.2,322.29999999999563,-0.07167235494880192,19,4.75
US30m,long,2022-11-08 10:00:00+00:00,32923.9,32823.6,100.30000000000291,-0.2502492522432484,38,9.5
US30m,long,2022-11-22 09:45:00+00:00,33822.1,33698.3,123.79999999999563,2.4168012924072286,73,18.25
US30m,short,2022-11-24 12:45:00+00:00,34265.4,34304.7,39.299999999995634,-0.08396946564875321,32,8.0
US30m,short,2022-12-05 07:30:00+00:00,34371.0,34432.1,61.099999999998545,1.3649754500818894,35,8.75
US30m,short,2022-12-09 14:00:00+00:00,33734.8,33889.5,154.6999999999971,-0.49321266968323896,8,2.0
US30m,short,2022-12-15 07:30:00+00:00,33976.8,34063.9,87.09999999999854,8.512055109070193,50,12.5
US30m,long,2022-12-16 15:00:00+00:00,33050.5,32830.4,220.09999999999854,-1.0,1,0.25
US30m,short,2022-12-20 13:15:00+00:00,32770.2,32837.7,67.5,-0.687407407407429,6,1.5
US30m,short,2022-12-27 12:45:00+00:00,33406.1,33449.8,43.700000000004366,2.2517162471393966,56,14.0
US30m,long,2023-01-06 14:00:00+00:00,33300.2,32930.9,369.29999999999563,1.0536149471974288,59,14.75
US30m,short,2023-01-12 07:15:00+00:00,33954.6,33997.1,42.5,-0.5647058823529412,9,2.25
US30m,long,2023-02-02 08:45:00+00:00,34134.6,34021.2,113.40000000000146,-1.0,3,0.75
US30m,short,2023-02-03 14:00:00+00:00,33858.2,34002.0,143.8000000000029,-1.0,4,1.0
US30m,short,2023-02-08 08:30:00+00:00,34087.8,34193.5,105.69999999999709,-0.46546830652789445,25,6.25
US30m,short,2023-02-21 07:30:00+00:00,33675.0,33724.0,49.0,-0.7632653061224787,10,2.5
US30m,long,2023-02-27 08:30:00+00:00,32916.8,32792.8,124.0,0.2274193548386862,18,4.5
US30m,long,2023-03-06 13:45:00+00:00,33470.8,33358.5,112.30000000000291,-0.02315227070352407,18,4.5
US30m,long,2023-03-10 07:45:00+00:00,32060.7,31975.7,85.0,-0.001176470588260974,24,6.0
US30m,short,2023-03-22 07:30:00+00:00,32502.9,32576.3,73.39999999999782,-0.7683923705722002,9,2.25
US30m,short,2023-04-06 13:00:00+00:00,33450.4,33524.3,73.90000000000146,-1.0,15,3.75
US30m,long,2023-04-20 15:00:00+00:00,33859.6,33713.0,146.59999999999854,-0.5825375170532218,15,3.75
US30m,short,2023-05-02 08:30:00+00:00,34029.4,34099.2,69.79999999999563,-0.22063037249287132,12,3.0
US30m,long,2023-05-09 12:45:00+00:00,33553.9,33486.0,67.90000000000146,0.15463917525772863,14,3.5
US30m,long,2023-05-16 08:00:00+00:00,33332.2,33283.8,48.39999999999418,-1.0,9,2.25
US30m,long,2023-05-17 08:30:00+00:00,33094.2,33014.9,79.29999999999563,0.36948297604041014,22,5.5
US30m,long,2023-05-18 07:30:00+00:00,33402.1,33362.1,40.0,0.27000000000007274,19,4.75
US30m,short,2023-05-19 13:45:00+00:00,33587.0,33631.7,44.69999999999709,-1.0,1,0.25
US30m,long,2023-05-22 08:45:00+00:00,33455.2,33361.8,93.39999999999418,-0.44432548179874287,21,5.25
US30m,short,2023-05-22 14:15:00+00:00,33349.1,33482.7,133.59999999999854,-0.4872754491017908,19,4.75
US30m,long,2023-05-29 14:45:00+00:00,33193.7,33144.3,49.39999999999418,-0.8076923076922851,15,3.75
US30m,short,2023-06-12 10:00:00+00:00,33956.3,33974.0,17.69999999999709,-1.0,7,1.75
US30m,long,2023-06-22 14:30:00+00:00,33963.1,33837.9,125.19999999999709,-0.598242811501623,42,10.5
US30m,long,2023-06-29 08:45:00+00:00,33935.7,33885.8,49.89999999999418,0.7555110220442638,17,4.25
US30m,short,2023-06-29 13:15:00+00:00,33901.6,33998.2,96.59999999999854,-1.0,2,0.5
US30m,long,2023-07-10 08:30:00+00:00,33734.1,33629.4,104.69999999999709,0.04393505253102839,21,5.25
US30m,long,2023-07-14 08:45:00+00:00,34411.1,34339.4,71.69999999999709,1.304044630404516,45,11.25
US30m,short,2023-07-20 12:30:00+00:00,35117.8,35167.5,49.69999999999709,-1.0,5,1.25
US30m,long,2023-07-21 13:15:00+00:00,35341.5,35249.7,91.80000000000291,-1.0,2,0.5
US30m,long,2023-08-11 14:45:00+00:00,35331.1,35100.1,231.0,-0.561904761904743,13,3.25
US30m,long,2023-08-16 14:00:00+00:00,35083.8,34932.7,151.10000000000582,-1.0,9,2.25
US30m,long,2023-08-29 14:15:00+00:00,34673.2,34540.2,133.0,1.4105263157895174,32,8.0
US30m,short,2023-09-08 08:45:00+00:00,34480.3,34566.7,86.39999999999418,-0.06481481481480234,14,3.5
US30m,short,2023-09-27 14:15:00+00:00,33572.1,33766.3,194.20000000000437,0.3882595262615848,18,4.5
US30m,short,2023-10-04 14:30:00+00:00,32882.9,33058.4,175.5,-1.0,6,1.5
US30m,long,2023-10-09 09:30:00+00:00,33296.0,33111.7,184.3000000000029,-0.42919153553986594,13,3.25
US30m,long,2023-10-09 13:45:00+00:00,33394.2,33194.5,199.6999999999971,1.1547320981472668,59,14.75
US30m,short,2023-10-18 07:15:00+00:00,33957.0,33987.0,30.0,-1.0,7,1.75
US30m,short,2023-10-19 14:45:00+00:00,33505.8,33694.9,189.09999999999854,-1.0,6,1.5
US30m,long,2023-11-01 13:00:00+00:00,33023.8,32905.4,118.40000000000146,2.2373310810810043,60,15.0
US30m,short,2023-11-03 08:00:00+00:00,33866.1,33904.2,38.099999999998545,-0.2362204724409539,9,2.25
US30m,short,2023-11-09 15:00:00+00:00,34124.5,34240.3,115.80000000000291,1.5587219343695635,42,10.5
US30m,short,2023-12-13 14:45:00+00:00,36589.9,36704.3,114.40000000000146,-0.5270979020978572,17,4.25
USTECm,short,2021-07-07 14:15:00+00:00,14846.13,14888.58,42.45000000000073,0.1415783274440117,16,4.0
USTECm,long,2021-07-20 15:00:00+00:00,14663.7,14588.48,75.22000000000116,0.9573251794735081,27,6.75
USTECm,short,2021-08-10 14:30:00+00:00,15105.54,15162.43,56.88999999999942,0.8880295306732457,37,9.25
USTECm,long,2021-08-27 14:30:00+00:00,15395.300000000001,15314.8,80.50000000000182,0.43018633540370704,35,8.75
USTECm,long,2021-10-11 14:00:00+00:00,14872.94,14694.01,178.9300000000003,-0.06365617839379209,9,2.25
USTECm,long,2021-10-12 08:45:00+00:00,14693.220000000001,14604.0,89.22000000000116,0.5201748486886061,20,5.0
USTECm,long,2021-10-13 08:00:00+00:00,14687.68,14604.39,83.29000000000087,0.17264977788448851,19,4.75
USTECm,long,2021-10-21 07:45:00+00:00,15361.95,15316.31,45.64000000000124,-0.4127957931638833,16,4.0
USTECm,long,2021-10-27 12:45:00+00:00,15578.02,15531.15,46.8700000000008,0.9214849583955185,45,11.25
USTECm,short,2021-11-05 07:15:00+00:00,16333.21,16355.79,22.580000000001746,-1.0,5,1.25
USTECm,long,2021-11-11 09:30:00+00:00,16081.410000000002,16014.43,66.98000000000138,-0.03747387279787975,21,5.25
USTECm,long,2021-12-02 15:00:00+00:00,16001.630000000001,15799.23,202.40000000000146,-1.0,3,0.75
USTECm,long,2021-12-03 12:45:00+00:00,16013.720000000001,15922.42,91.30000000000109,-1.0,9,2.25
USTECm,long,2021-12-10 08:45:00+00:00,16199.0,16155.99,43.01000000000022,0.3599162985352124,29,7.25
USTECm,short,2021-12-28 14:15:00+00:00,16609.13,16668.05,58.919999999998254,0.8560760353021695,34,8.5
USTECm,long,2021-12-30 07:45:00+00:00,16510.19,16481.68,28.5099999999984,0.42651701157490485,23,5.75
USTECm,short,2022-01-12 08:45:00+00:00,15790.0,15904.67,114.67000000000007,-0.9271823493503064,19,4.75
USTECm,long,2022-01-26 08:30:00+00:00,14310.27,14162.83,147.4400000000005,0.4868421052631483,25,6.25
USTECm,short,2022-02-02 14:15:00+00:00,15168.77,15270.9,102.1299999999992,0.36619994125134564,23,5.75
USTECm,long,2022-02-14 13:00:00+00:00,14241.550000000001,14037.29,204.26000000000022,-0.13575834720454985,24,6.0
USTECm,short,2022-02-15 14:15:00+00:00,14475.59,14554.44,78.85000000000036,-0.6608750792644305,6,1.5
USTECm,long,2022-02-24 15:00:00+00:00,13343.740000000002,13057.67,286.0700000000015,1.720068514699182,56,14.0
USTECm,short,2022-02-25 08:30:00+00:00,13774.6,13887.05,112.44999999999891,-1.0,6,1.5
USTECm,long,2022-03-17 14:15:00+00:00,13966.480000000001,13837.23,129.25000000000182,0.4246808510638193,32,8.0
USTECm,short,2022-03-21 14:15:00+00:00,14270.53,14430.24,159.70999999999913,-1.0,5,1.25
USTECm,long,2022-03-31 07:45:00+00:00,15172.630000000001,15121.98,50.650000000001455,-0.8649555774925972,11,2.75
USTECm,short,2022-04-01 13:00:00+00:00,14899.01,14961.03,62.02000000000044,0.6523702031602815,28,7.0
USTECm,short,2022-04-20 14:00:00+00:00,14086.7,14300.78,214.07999999999993,-0.03797645739909941,30,7.5
USTECm,long,2022-04-25 13:00:00+00:00,13323.83,13188.73,135.10000000000036,1.793338267949667,55,13.75
USTECm,short,2022-05-04 07:45:00+00:00,13103.27,13136.6,33.32999999999993,-1.0,2,0.5
USTECm,short,2022-05-11 13:15:00+00:00,12211.23,12544.09,332.8600000000006,0.7273328125938832,65,16.25
USTECm,long,2022-05-16 09:15:00+00:00,12343.04,12231.74,111.30000000000109,-0.489757412398919,18,4.5
USTECm,long,2022-06-02 07:15:00+00:00,12588.070000000002,12526.57,61.50000000000182,0.17121951219509796,21,5.25
USTECm,long,2022-06-07 14:45:00+00:00,12671.84,12429.4,242.4400000000005,0.023675961062529987,40,10.0
USTECm,short,2022-06-10 13:00:00+00:00,12032.34,12325.81,293.46999999999935,0.4978703104235558,19,4.75
USTECm,short,2022-06-17 13:15:00+00:00,11146.95,11278.67,131.71999999999935,-1.0,2,0.5
USTECm,long,2022-06-21 14:00:00+00:00,11602.45,11452.38,150.07000000000153,-0.27647098020924354,17,4.25
USTECm,long,2022-07-11 08:30:00+00:00,12035.36,11995.86,39.5,-0.2792405063291305,7,1.75
USTECm,long,2022-07-15 09:00:00+00:00,11809.0,11782.16,26.840000000000146,-1.0,5,1.25
USTECm,long,2022-07-15 13:15:00+00:00,11884.380000000001,11751.78,132.60000000000036,1.6846907993966727,83,20.75
USTECm,short,2022-07-18 12:45:00+00:00,12094.18,12137.75,43.56999999999971,-1.0,5,1.25
USTECm,short,2022-07-29 09:00:00+00:00,12851.35,12917.32,65.96999999999935,-0.3769895407003066,21,5.25
USTECm,short,2022-08-08 13:30:00+00:00,13243.64,13310.01,66.3700000000008,-1.0,1,0.25
USTECm,short,2022-08-31 14:45:00+00:00,12390.71,12465.1,74.39000000000124,3.1458529372226742,55,13.75
USTECm,short,2022-09-13 13:00:00+00:00,12376.4,12817.37,440.97000000000116,0.29301313014490504,18,4.5
USTECm,long,2022-09-19 13:00:00+00:00,11779.75,11719.87,59.8799999999992,3.0931863727455213,65,16.25
USTECm,long,2022-09-22 08:00:00+00:00,11648.26,11530.03,118.22999999999956,-0.29095830161549324,13,3.25
USTECm,long,2022-10-13 09:15:00+00:00,10835.34,10754.12,81.21999999999935,-0.37010588524993515,14,3.5
USTECm,long,2022-10-26 07:45:00+00:00,11486.54,11442.29,44.25,-0.40000000000001645,17,4.25
USTECm,long,2022-10-26 14:45:00+00:00,11597.210000000001,11395.24,201.97000000000116,-0.8096747041639833,16,4.0
USTECm,short,2022-11-01 14:15:00+00:00,11363.94,11563.63,199.6899999999987,0.1169813210476275,19,4.75
USTECm,long,2022-11-04 13:15:00+00:00,10872.070000000002,10607.39,264.6800000000021,-0.6746259634275347,11,2.75
USTECm,long,2022-11-08 09:45:00+00:00,11028.480000000001,10953.94,74.54000000000087,-0.08076200697614952,20,5.0
USTECm,short,2022-11-18 15:00:00+00:00,11728.35,11811.77,83.42000000000007,0.9242387916566807,21,5.25
USTECm,long,2022-11-21 13:30:00+00:00,11632.6,11590.03,42.56999999999971,-1.0,8,2.0
USTECm,short,2022-11-22 15:00:00+00:00,11529.84,11617.29,87.45000000000073,-1.0,4,1.0
USTECm,short,2022-12-02 14:00:00+00:00,11808.23,12053.86,245.63000000000102,-0.5199283475145561,11,2.75
USTECm,short,2022-12-15 07:15:00+00:00,11717.2,11754.87,37.67000000000007,9.459251393681955,67,16.75
USTECm,short,2022-12-20 13:15:00+00:00,11034.12,11081.02,46.899999999999636,-0.4234541577824929,7,1.75
USTECm,long,2022-12-27 08:30:00+00:00,11074.17,11054.79,19.3799999999992,-1.0,3,0.75
USTECm,long,2022-12-28 07:15:00+00:00,10847.27,10818.61,28.659999999999854,-1.0,8,2.0
USTECm,short,2023-01-11 07:15:00+00:00,11169.74,11217.29,47.55000000000109,-0.5402733964248143,8,2.0
USTECm,long,2023-01-17 08:30:00+00:00,11490.800000000001,11462.47,28.330000000001746,-0.12213201553126483,18,4.5
USTECm,long,2023-01-20 13:00:00+00:00,11377.310000000001,11304.17,73.14000000000124,3.0892808312824047,51,12.75
USTECm,long,2023-01-31 13:45:00+00:00,11938.53,11819.21,119.32000000000153,0.9528997653368878,90,22.5
USTECm,short,2023-02-20 15:00:00+00:00,12355.63,12387.07,31.44000000000051,1.1205470737913166,35,8.75
USTECm,long,2023-02-23 09:00:00+00:00,12176.42,12154.7,21.719999999999345,-1.0,2,0.5
USTECm,long,2023-03-10 07:45:00+00:00,11968.62,11915.81,52.81000000000131,0.10774474531336015,24,6.0
USTECm,short,2023-03-17 12:45:00+00:00,12554.86,12612.36,57.5,-1.0,4,1.0
USTECm,short,2023-03-17 15:00:00+00:00,12513.69,12633.12,119.43000000000029,-0.4584275307711619,21,5.25
USTECm,short,2023-03-20 14:00:00+00:00,12438.63,12562.19,123.56000000000131,-1.0,6,1.5
USTECm,long,2023-04-12 13:00:00+00:00,13074.19,12963.22,110.97000000000116,-1.0,4,1.0
USTECm,short,2023-04-18 14:15:00+00:00,13122.46,13203.57,81.11000000000058,0.20034521020835758,23,5.75
USTECm,short,2023-05-01 08:30:00+00:00,13237.79,13295.9,58.10999999999876,-0.3859920839786431,27,6.75
USTECm,long,2023-05-16 07:45:00+00:00,13431.990000000002,13399.86,32.13000000000102,-0.807656395891687,20,5.0
USTECm,short,2023-05-18 13:15:00+00:00,13598.91,13633.43,34.52000000000044,-1.0,2,0.5
USTECm,long,2023-06-05 07:45:00+00:00,14547.02,14496.88,50.14000000000124,1.5721978460310726,39,9.75
USTECm,short,2023-06-07 15:00:00+00:00,14456.07,14595.82,139.75,1.2830769230769195,57,14.25
USTECm,long,2023-06-08 08:30:00+00:00,14311.820000000002,14241.32,70.50000000000182,2.2611347517729636,62,15.5
USTECm,short,2023-06-09 07:45:00+00:00,14456.81,14494.68,37.8700000000008,-1.0,6,1.5
USTECm,long,2023-06-14 07:30:00+00:00,14941.69,14902.04,39.649999999999636,-0.11929382093320115,14,3.5
USTECm,short,2023-06-28 09:00:00+00:00,14882.9,14922.56,39.659999999999854,-1.0,9,2.25
USTECm,long,2023-07-24 07:30:00+00:00,15475.34,15428.86,46.47999999999956,-0.15425989672977927,15,3.75
USTECm,long,2023-08-15 13:30:00+00:00,15168.95,15104.18,64.77000000000044,-1.0,3,0.75
USTECm,long,2023-08-21 08:00:00+00:00,14763.44,14682.29,81.14999999999964,0.07590881084411438,20,5.0
USTECm,short,2023-08-24 10:00:00+00:00,15313.5,15375.52,62.02000000000044,7.7889390519186765,53,13.25
USTECm,short,2023-08-25 15:00:00+00:00,14717.75,15005.0,287.25,-0.4480765883376819,7,1.75
USTECm,short,2023-09-06 07:15:00+00:00,15467.74,15509.06,41.31999999999971,-0.38649564375603723,12,3.0
USTECm,short,2023-09-06 14:30:00+00:00,15376.05,15505.54,129.4900000000016,-0.04085257548846095,22,5.5
USTECm,short,2023-09-08 09:15:00+00:00,15244.57,15339.47,94.89999999999964,-0.21401475237091222,14,3.5
USTECm,short,2023-09-14 07:30:00+00:00,15417.04,15436.77,19.729999999999563,-1.0,13,3.25
USTECm,short,2023-09-19 12:45:00+00:00,15209.09,15260.76,51.67000000000007,1.7007934971937468,17,4.25
USTECm,short,2023-09-20 14:30:00+00:00,15193.59,15238.77,45.18000000000029,-0.276228419654703,17,4.25
USTECm,long,2023-10-19 10:00:00+00:00,14931.78,14825.13,106.65000000000146,-0.19774964838255843,15,3.75
USTECm,long,2023-11-08 08:45:00+00:00,15301.480000000001,15287.09,14.390000000001237,-1.0,3,0.75
USTECm,short,2023-11-13 14:00:00+00:00,15481.11,15515.29,34.18000000000029,-1.0,11,2.75
USTECm,short,2023-11-15 07:30:00+00:00,15862.39,15881.28,18.890000000001237,-1.0,5,1.25
USTECm,short,2023-11-17 14:45:00+00:00,15788.08,15867.95,79.8700000000008,-0.7055214723926355,14,3.5
USTECm,long,2023-12-04 09:00:00+00:00,15973.550000000001,15947.89,25.660000000001673,-1.0,3,0.75
XAUUSDm,long,2021-07-02 08:30:00+00:00,1782.974,1777.027,5.946999999999889,-0.29678829662012873,16,4.0
XAUUSDm,short,2021-07-08 14:00:00+00:00,1808.5,1818.312,9.811999999999898,0.803200163065651,21,5.25
XAUUSDm,long,2021-07-22 13:00:00+00:00,1803.014,1793.977,9.036999999999807,0.36671461768287583,31,7.75
XAUUSDm,short,2021-07-28 08:15:00+00:00,1800.425,1807.016,6.591000000000122,0.012289485662251872,27,6.75
XAUUSDm,long,2021-07-30 07:30:00+00:00,1830.962,1826.897,4.065000000000055,-0.7483394833948033,11,2.75
XAUUSDm,short,2021-08-04 09:00:00+00:00,1811.289,1814.424,3.134999999999991,-1.0,4,1.0
XAUUSDm,long,2021-08-05 07:45:00+00:00,1812.555,1808.833,3.72199999999998,-1.0,4,1.0
XAUUSDm,short,2021-08-09 09:45:00+00:00,1742.981,1747.933,4.951999999999998,-1.0,8,2.0
XAUUSDm,short,2021-08-10 09:00:00+00:00,1731.552,1738.24,6.688000000000102,0.26614832535884353,63,15.75
XAUUSDm,long,2021-08-16 13:00:00+00:00,1778.552,1771.168,7.3840000000000146,1.0727248104008713,41,10.25
XAUUSDm,short,2021-09-01 08:15:00+00:00,1809.548,1816.886,7.337999999999965,-0.6642136822022413,12,3.0
XAUUSDm,short,2021-09-14 08:00:00+00:00,1790.573,1792.13,1.5570000000000164,1.5716120745023061,19,4.75
XAUUSDm,long,2021-09-14 13:00:00+00:00,1797.421,1781.812,15.609000000000151,0.36382856044588413,24,6.0
XAUUSDm,short,2021-09-22 08:30:00+00:00,1774.54,1779.34,4.7999999999999545,-0.11187500000000826,21,5.25
XAUUSDm,short,2021-09-29 13:00:00+00:00,1738.34,1745.472,7.132000000000062,1.739904655075683,28,7.0
XAUUSDm,long,2021-10-04 12:15:00+00:00,1753.447,1748.493,4.953999999999951,-1.0,6,1.5
XAUUSDm,short,2021-10-12 12:45:00+00:00,1754.553,1763.228,8.674999999999955,-1.0,2,0.5
XAUUSDm,short,2021-10-27 14:30:00+00:00,1788.747,1791.885,3.13799999999992,-1.0,1,0.25
XAUUSDm,short,2021-11-03 13:00:00+00:00,1775.727,1784.331,8.603999999999814,1.266039051603936,18,4.5
XAUUSDm,long,2021-11-15 08:00:00+00:00,1861.384,1856.568,4.816000000000031,0.07558139534884352,17,4.25
XAUUSDm,long,2021-11-18 08:15:00+00:00,1867.712,1862.349,5.363000000000056,-0.7296289390266586,6,1.5
XAUUSDm,short,2021-12-16 12:30:00+00:00,1782.921,1787.222,4.300999999999931,-1.0,3,0.75
XAUUSDm,short,2021-12-23 15:00:00+00:00,1803.003,1809.956,6.9529999999999745,-0.764705882352945,10,2.5
XAUUSDm,long,2021-12-27 14:15:00+00:00,1809.558,1804.712,4.846000000000004,1.1341312422616778,92,23.0
XAUUSDm,short,2021-12-28 14:30:00+00:00,1812.482,1820.191,7.70900000000006,0.67920612271369,32,8.0
XAUUSDm,short,2021-12-31 08:00:00+00:00,1816.717,1819.232,2.5149999999998727,-1.0,5,1.25
XAUUSDm,long,2022-01-04 14:15:00+00:00,1808.203,1801.471,6.731999999999971,0.7685680332739157,32,8.0
XAUUSDm,short,2022-01-10 13:00:00+00:00,1791.992,1800.664,8.672000000000025,-0.45410516605167095,19,4.75
XAUUSDm,long,2022-01-14 14:00:00+00:00,1825.628,1819.457,6.170999999999822,-1.0,3,0.75
XAUUSDm,short,2022-02-04 14:00:00+00:00,1795.137,1814.862,19.725000000000136,-0.6825855513308023,21,5.25
XAUUSDm,long,2022-02-08 14:00:00+00:00,1824.277,1817.304,6.972999999999956,0.24709594148859418,29,7.25
XAUUSDm,long,2022-02-09 13:30:00+00:00,1830.872,1825.991,4.8810000000000855,-1.0,2,0.5
XAUUSDm,short,2022-02-10 08:30:00+00:00,1831.559,1834.931,3.372000000000071,-0.6097271648873063,21,5.25
XAUUSDm,short,2022-02-15 08:00:00+00:00,1875.634,1879.164,3.5299999999999727,5.436543909348493,49,12.25
XAUUSDm,long,2022-02-16 14:15:00+00:00,1858.2839999999999,1853.708,4.5759999999997945,2.1815996503497863,46,11.5
XAUUSDm,short,2022-02-22 08:45:00+00:00,1904.053,1911.111,7.057999999999993,-0.24015301785207396,24,6.0
XAUUSDm,long,2022-03-11 08:00:00+00:00,1991.658,1980.871,10.786999999999807,-0.2818207101140278,14,3.5
XAUUSDm,long,2022-03-21 14:15:00+00:00,1934.567,1921.597,12.970000000000027,-0.059213569776409215,37,9.25
XAUUSDm,short,2022-03-29 07:45:00+00:00,1919.91,1925.068,5.157999999999902,1.0337340054285011,33,8.25
XAUUSDm,long,2022-04-06 09:00:00+00:00,1926.412,1914.737,11.674999999999955,-0.24419700214133824,32,8.0
XAUUSDm,short,2022-04-14 14:30:00+00:00,1968.029,1978.743,10.713999999999942,-0.42719805861489857,10,2.5
XAUUSDm,short,2022-04-18 15:00:00+00:00,1983.973,1994.37,10.396999999999935,0.48312013080695804,34,8.5
XAUUSDm,short,2022-04-19 13:00:00+00:00,1967.05,1981.76,14.710000000000036,1.097824609109439,37,9.25
XAUUSDm,short,2022-04-26 07:45:00+00:00,1898.426,1905.993,7.567000000000007,-1.0,10,2.5
XAUUSDm,long,2022-04-28 07:15:00+00:00,1883.479,1871.9,11.57899999999995,0.16529924863977852,20,5.0
XAUUSDm,short,2022-04-29 12:45:00+00:00,1910.807,1917.727,6.920000000000073,-0.10419075144508613,25,6.25
XAUUSDm,short,2022-05-06 13:15:00+00:00,1876.879,1885.529,8.650000000000091,-1.0,3,0.75
XAUUSDm,short,2022-05-23 13:00:00+00:00,1855.647,1865.372,9.725000000000136,-0.260565552699236,24,6.0
XAUUSDm,short,2022-05-31 10:00:00+00:00,1850.213,1857.07,6.856999999999971,-0.2975061980457886,14,3.5
XAUUSDm,short,2022-06-17 14:15:00+00:00,1839.473,1852.917,13.44399999999996,-0.022835465635228896,25,6.25
XAUUSDm,long,2022-06-21 14:45:00+00:00,1841.369,1830.783,10.586000000000013,-0.7407897222746893,13,3.25
XAUUSDm,long,2022-06-24 08:00:00+00:00,1830.324,1821.366,8.958000000000084,-0.606608617995079,12,3.0
XAUUSDm,long,2022-07-01 13:30:00+00:00,1792.794,1784.947,7.847000000000207,2.2830381037338463,65,16.25
XAUUSDm,long,2022-07-07 14:15:00+00:00,1746.296,1739.859,6.4370000000001255,-1.0,7,1.75
XAUUSDm,long,2022-07-11 14:15:00+00:00,1739.816,1733.596,6.220000000000027,-0.6176848874598202,9,2.25
XAUUSDm,long,2022-07-21 12:45:00+00:00,1699.395,1681.079,18.31600000000003,0.9633107665429119,44,11.0
XAUUSDm,short,2022-08-01 13:00:00+00:00,1769.362,1774.056,4.69399999999996,-1.0,2,0.5
XAUUSDm,long,2022-08-18 09:15:00+00:00,1765.865,1761.548,4.317000000000007,0.5909196201065384,14,3.5
XAUUSDm,long,2022-08-19 13:15:00+00:00,1757.168,1749.808,7.3599999999999,-1.0,5,1.25
XAUUSDm,long,2022-08-23 14:00:00+00:00,1747.359,1730.786,16.572999999999865,0.031134978579622313,14,3.5
XAUUSDm,short,2022-08-25 12:30:00+00:00,1760.418,1765.437,5.0190000000000055,0.5461247260410406,18,4.5
XAUUSDm,short,2022-09-12 14:00:00+00:00,1725.834,1729.496,3.6620000000000346,-1.0,2,0.5
XAUUSDm,short,2022-10-05 08:15:00+00:00,1713.625,1727.552,13.926999999999907,0.03740934874703537,18,4.5
XAUUSDm,long,2022-10-11 12:15:00+00:00,1671.971,1660.867,11.104000000000042,0.4687499999999917,26,6.5
XAUUSDm,long,2022-11-15 07:45:00+00:00,1780.621,1769.543,11.078000000000202,-0.6077811879400661,8,2.0
XAUUSDm,short,2022-11-15 15:00:00+00:00,1772.032,1778.165,6.133000000000038,-0.48100440241317904,15,3.75
XAUUSDm,short,2022-11-30 14:00:00+00:00,1755.031,1764.459,9.428000000000111,0.08877810776410472,16,4.0
XAUUSDm,short,2022-12-20 13:15:00+00:00,1799.707,1809.384,9.676999999999907,-1.0,7,1.75
XAUUSDm,short,2023-01-12 07:30:00+00:00,1880.781,1884.961,4.180000000000064,-0.601435406698585,8,2.0
XAUUSDm,long,2023-01-18 08:30:00+00:00,1912.229,1896.705,15.524000000000115,0.1677402731254846,28,7.0
XAUUSDm,long,2023-01-31 14:15:00+00:00,1921.089,1901.123,19.965999999999894,0.3781428428328155,23,5.75
XAUUSDm,long,2023-02-08 07:45:00+00:00,1881.583,1874.964,6.619000000000142,-0.45021906632421127,21,5.25
XAUUSDm,long,2023-02-16 08:30:00+00:00,1842.419,1834.259,8.160000000000082,-0.8781862745098156,21,5.25
XAUUSDm,short,2023-02-16 14:00:00+00:00,1830.758,1840.34,9.58199999999988,-1.0,12,3.0
XAUUSDm,long,2023-02-21 14:00:00+00:00,1836.985,1830.204,6.780999999999949,-0.43400678366022793,12,3.0
XAUUSDm,long,2023-02-27 08:45:00+00:00,1813.18,1807.132,6.048000000000002,0.5689484126984177,46,11.5
XAUUSDm,long,2023-03-13 09:15:00+00:00,1885.148,1871.496,13.651999999999816,1.6747729270436815,41,10.25
XAUUSDm,long,2023-03-29 09:30:00+00:00,1965.8029999999999,1958.55,7.252999999999929,-0.6611057493450837,26,6.5
XAUUSDm,short,2023-04-10 12:30:00+00:00,1999.116,2002.76,3.6440000000000055,2.4881997804610303,18,4.5
XAUUSDm,long,2023-05-22 09:15:00+00:00,1982.237,1971.21,11.027000000000044,-1.0,10,2.5
XAUUSDm,short,2023-06-09 08:30:00+00:00,1961.626,1965.366,3.740000000000009,-1.0,12,3.0
XAUUSDm,long,2023-06-15 13:45:00+00:00,1945.77,1928.59,17.180000000000064,0.6661816065192022,40,10.0
XAUUSDm,long,2023-06-27 12:30:00+00:00,1928.4,1923.746,4.653999999999996,-1.0,6,1.5
XAUUSDm,short,2023-07-06 12:45:00+00:00,1906.058,1925.687,19.628999999999905,-0.25579499719802246,27,6.75
XAUUSDm,short,2023-07-11 12:45:00+00:00,1931.673,1938.404,6.7309999999999945,-0.12464715495467872,33,8.25
XAUUSDm,short,2023-07-26 13:30:00+00:00,1967.779,1974.149,6.369999999999891,-1.0,8,2.0
XAUUSDm,long,2023-08-04 13:00:00+00:00,1939.271,1931.219,8.051999999999907,0.15921510183807347,22,5.5
XAUUSDm,long,2023-08-10 07:30:00+00:00,1920.088,1915.465,4.623000000000047,-1.0,28,7.0
XAUUSDm,short,2023-08-22 12:45:00+00:00,1896.928,1903.666,6.737999999999829,-0.13238349658650164,34,8.5
XAUUSDm,short,2023-08-25 13:30:00+00:00,1913.942,1920.234,6.291999999999916,-1.0,3,0.75
XAUUSDm,long,2023-08-30 09:45:00+00:00,1937.907,1935.024,2.883000000000038,1.7870274020117847,36,9.0
XAUUSDm,long,2023-09-11 13:30:00+00:00,1929.388,1924.187,5.201000000000022,-1.0,3,0.75
XAUUSDm,short,2023-09-21 08:00:00+00:00,1927.12,1928.829,1.70900000000006,3.4610883557634615,44,11.0
XAUUSDm,short,2023-10-20 12:15:00+00:00,1978.775,1985.818,7.042999999999893,-0.1916796819537029,7,1.75
XAUUSDm,short,2023-11-09 08:30:00+00:00,1946.269,1950.469,4.2000000000000455,-0.7059523809523538,22,5.5
XAUUSDm,long,2023-11-30 13:30:00+00:00,2041.724,2036.385,5.338999999999942,-1.0,1,0.25
XAUUSDm,long,2023-12-01 09:15:00+00:00,2046.163,2039.206,6.957000000000107,-1.0,10,2.5
XAUUSDm,long,2023-12-01 15:00:00+00:00,2042.835,2033.822,9.013000000000147,4.472872517474669,49,12.25
XAUUSDm,short,2023-12-04 07:15:00+00:00,2076.527,2090.49,13.962999999999738,3.2762300365251704,51,12.75
XAUUSDm,short,2023-12-12 14:00:00+00:00,1984.48,1988.934,4.453999999999951,-1.0,1,0.25
XAUUSDm,short,2023-12-15 14:00:00+00:00,2031.398,2044.909,13.511000000000195,0.8360595070682895,39,9.75
XAUUSDm,long,2023-12-22 09:00:00+00:00,2051.6730000000002,2047.01,4.663000000000238,1.281363928801116,29,7.25
US30m,short,2024-01-02 10:00:00+00:00,37763.0,37807.7,44.69999999999709,4.395973154362703,19,4.75
US30m,long,2024-01-10 08:00:00+00:00,37516.9,37488.5,28.400000000001455,-0.954225352112576,16,4.0
US30m,short,2024-01-11 10:00:00+00:00,37755.7,37822.2,66.5,0.06766917293233082,14,3.5
US30m,short,2024-01-18 13:00:00+00:00,37210.2,37338.5,128.3000000000029,-0.34372564302419967,11,2.75
US30m,long,2024-02-07 13:15:00+00:00,38591.8,38489.0,102.80000000000291,0.9591439688715541,73,18.25
US30m,long,2024-02-09 08:45:00+00:00,38730.7,38701.7,29.0,0.337931034482859,23,5.75
US30m,short,2024-02-13 08:45:00+00:00,38769.5,38822.8,53.30000000000291,8.928705440900103,54,13.5
US30m,short,2024-02-16 14:00:00+00:00,38667.9,38758.1,90.19999999999709,-1.0,11,2.75
US30m,short,2024-02-21 08:30:00+00:00,38492.5,38557.9,65.40000000000146,-0.6865443425076523,15,3.75
US30m,short,2024-02-23 07:30:00+00:00,39086.8,39132.6,45.799999999995634,-0.39956331877723533,15,3.75
US30m,long,2024-02-27 07:45:00+00:00,39103.2,39061.3,41.89999999999418,-0.25536992840092065,22,5.5
US30m,short,2024-02-27 13:45:00+00:00,39061.3,39132.6,71.29999999999563,2.635343618513506,84,21.0
US30m,short,2024-02-28 14:45:00+00:00,38802.4,38880.4,78.0,-1.0,4,1.0
US30m,short,2024-03-05 13:45:00+00:00,38866.4,38962.9,96.5,2.8362694300518587,48,12.0
US30m,short,2024-03-14 13:45:00+00:00,39138.7,39248.3,109.60000000000582,1.8585766423356411,67,16.75
US30m,long,2024-03-15 07:45:00+00:00,38949.3,38899.5,49.80000000000291,-1.0,23,5.75
US30m,long,2024-03-25 08:30:00+00:00,39497.8,39450.4,47.400000000001455,-1.0,6,1.5
US30m,long,2024-03-26 09:45:00+00:00,39441.9,39376.0,65.90000000000146,-1.0,15,3.75
US30m,short,2024-04-10 13:00:00+00:00,38501.5,39073.7,572.1999999999971,-0.09332401258301595,7,1.75
US30m,short,2024-04-30 13:00:00+00:00,38243.6,38406.1,162.5,2.460923076923086,45,11.25
US30m,short,2024-05-02 14:00:00+00:00,38024.8,38130.4,105.59999999999854,-1.0,5,1.25
US30m,long,2024-05-09 14:00:00+00:00,39141.3,38972.0,169.3000000000029,1.865327820437036,43,10.75
US30m,short,2024-05-13 15:00:00+00:00,39578.4,39634.2,55.799999999995634,1.9838709677421689,54,13.5
US30m,long,2024-05-16 14:30:00+00:00,40005.4,39918.3,87.09999999999854,-0.2766934557979213,9,2.25
US30m,short,2024-06-03 07:30:00+00:00,38780.6,38877.6,97.0,0.2247422680411921,19,4.75
US30m,short,2024-06-05 14:15:00+00:00,38615.4,38847.2,231.79999999999563,-1.0,7,1.75
US30m,short,2024-06-21 07:15:00+00:00,39199.2,39242.8,43.60000000000582,0.08027522935778744,15,3.75
US30m,short,2024-07-05 08:30:00+00:00,39369.9,39420.0,50.099999999998545,-0.28542914171648803,17,4.25
US30m,long,2024-07-08 07:45:00+00:00,39399.2,39337.7,61.5,0.22113821138220846,12,3.0
US30m,long,2024-07-18 14:00:00+00:00,41379.9,41192.7,187.20000000000437,-1.0,5,1.25
US30m,short,2024-07-22 14:15:00+00:00,40348.2,40436.0,87.80000000000291,-1.0,2,0.5
US30m,long,2024-07-23 09:00:00+00:00,40459.0,40394.7,64.30000000000291,0.4867807153966018,14,3.5
US30m,short,2024-07-29 13:30:00+00:00,40731.4,40836.3,104.90000000000146,1.7407054337463872,55,13.75
US30m,short,2024-08-01 14:30:00+00:00,40633.9,41046.3,412.40000000000146,1.1573714839961233,70,17.5
US30m,short,2024-08-12 14:00:00+00:00,39310.3,39613.9,303.59999999999854,-0.21212121212119397,24,6.0
US30m,short,2024-08-22 14:30:00+00:00,40835.9,40996.8,160.90000000000146,-0.3374766935984782,9,2.25
US30m,short,2024-08-29 14:00:00+00:00,41240.2,41406.4,166.20000000000437,-1.0,2,0.5
US30m,short,2024-09-02 14:30:00+00:00,41539.9,41582.8,42.900000000001455,-1.0,1,0.25
US30m,short,2024-09-06 15:00:00+00:00,40515.9,40713.4,197.5,-1.0,1,0.25
US30m,long,2024-09-10 07:45:00+00:00,40905.0,40815.7,89.30000000000291,-1.0,6,1.5
US30m,short,2024-09-20 13:30:00+00:00,42004.3,42146.2,141.89999999999418,-1.0,14,3.5
US30m,long,2024-10-17 07:45:00+00:00,43146.3,43054.1,92.20000000000437,1.483731019522659,63,15.75
US30m,long,2024-10-18 08:15:00+00:00,43321.5,43248.9,72.59999999999854,-1.0,14,3.5
US30m,short,2024-11-05 08:30:00+00:00,41870.2,41904.5,34.30000000000291,-1.0,2,0.5
US30m,long,2024-11-14 07:45:00+00:00,44039.4,43977.2,62.200000000004366,0.06109324758834996,28,7.0
US30m,short,2024-11-18 07:45:00+00:00,43452.9,43518.3,65.40000000000146,0.45871559633026504,20,5.0
US30m,long,2024-11-29 08:30:00+00:00,44950.3,44924.0,26.30000000000291,-1.0,1,0.25
US30m,short,2024-11-29 13:45:00+00:00,44863.6,44982.7,119.09999999999854,-0.9202350965575137,8,2.0
US30m,long,2024-12-06 14:00:00+00:00,44904.3,44793.2,111.10000000000582,-1.0,10,2.5
US30m,long,2024-12-09 08:00:00+00:00,44703.9,44650.6,53.30000000000291,-0.5684803001876408,31,7.75
US30m,long,2024-12-20 14:00:00+00:00,42333.5,42175.8,157.6999999999971,4.55231452124296,26,6.5
US30m,short,2024-12-26 08:45:00+00:00,43288.5,43357.3,68.80000000000291,0.7863372093022711,24,6.0
USTECm,long,2024-01-04 07:15:00+00:00,16419.17,16385.49,33.67999999999665,-0.829572446555863,18,4.5
USTECm,long,2024-01-10 08:00:00+00:00,16704.3,16678.31,25.989999999997963,-0.4817237399000161,21,5.25
USTECm,short,2024-01-31 09:30:00+00:00,17269.43,17370.47,101.04000000000087,-0.39568487727631846,41,10.25
USTECm,long,2024-02-02 09:00:00+00:00,17527.55,17505.17,22.38000000000102,-0.5996425379802343,19,4.75
USTECm,short,2024-02-02 14:00:00+00:00,17407.67,17552.95,145.28000000000247,-1.0,7,1.75
USTECm,long,2024-02-09 07:45:00+00:00,17807.649999999998,17787.95,19.69999999999709,1.0766497461931928,28,7.0
USTECm,long,2024-03-19 09:00:00+00:00,18000.27,17945.91,54.36000000000058,-0.9713024282560468,8,2.0
USTECm,short,2024-03-26 13:00:00+00:00,18360.31,18409.77,49.45999999999913,1.7256368782855578,38,9.5
USTECm,long,2024-04-01 07:45:00+00:00,18403.71,18373.58,30.12999999999738,-1.0,2,0.5
USTECm,short,2024-04-09 08:00:00+00:00,18101.78,18160.38,58.60000000000218,-1.0,8,2.0
USTECm,long,2024-04-11 13:00:00+00:00,18077.59,17966.28,111.31000000000131,2.0689066570838035,40,10.0
USTECm,short,2024-04-15 14:30:00+00:00,18070.51,18139.37,68.86000000000058,4.853180365959859,35,8.75
USTECm,short,2024-05-02 14:00:00+00:00,17391.11,17505.83,114.72000000000116,-0.6345013947001407,13,3.25
USTECm,long,2024-05-07 13:15:00+00:00,18099.66,18054.3,45.36000000000058,0.6917989417989554,19,4.75
USTECm,short,2024-05-20 13:00:00+00:00,18576.56,18601.98,25.419999999998254,-1.0,3,0.75
USTECm,long,2024-05-31 12:15:00+00:00,18530.219999999998,18477.83,52.38999999999578,-1.0,8,2.0
USTECm,short,2024-06-12 07:30:00+00:00,19247.03,19267.76,20.729999999999563,-0.7284129281236131,8,2.0
USTECm,short,2024-06-20 12:15:00+00:00,20042.99,20093.13,50.13999999999942,4.28320702034313,40,10.0
USTECm,short,2024-06-21 07:30:00+00:00,19793.97,19825.43,31.459999999999127,-0.31341385886843154,24,6.0
USTECm,long,2024-06-25 09:15:00+00:00,19590.3,19513.0,77.29999999999927,-0.204010349288494,18,4.5
USTECm,long,2024-07-02 13:30:00+00:00,19777.649999999998,19721.47,56.17999999999665,4.420078319687044,46,11.5
USTECm,short,2024-07-04 14:00:00+00:00,20176.88,20200.33,23.450000000000728,-0.24562899786772796,18,4.5
USTECm,short,2024-07-26 14:00:00+00:00,18991.01,19062.58,71.57000000000335,-0.8306553025010193,8,2.0
USTECm,long,2024-08-05 14:15:00+00:00,17871.76,17485.31,386.4499999999971,0.11349463061198321,16,4.0
USTECm,short,2024-08-12 14:00:00+00:00,18450.5,18601.25,150.75,-1.0,2,0.5
USTECm,short,2024-08-22 14:30:00+00:00,19848.42,19933.62,85.20000000000073,3.2374413145539407,35,8.75
USTECm,long,2024-08-27 14:45:00+00:00,19599.129999999997,19491.14,107.98999999999796,-0.23381794610609166,25,6.25
USTECm,long,2024-09-10 07:45:00+00:00,18657.579999999998,18589.19,68.38999999999942,-0.8667933908466053,6,1.5
USTECm,long,2024-09-20 08:00:00+00:00,19841.16,19805.29,35.86999999999898,-1.0,2,0.5
USTECm,short,2024-09-26 14:00:00+00:00,20224.97,20300.29,75.31999999999971,1.3818374933616855,18,4.5
USTECm,long,2024-09-30 07:30:00+00:00,20022.69,19951.17,71.52000000000044,-0.6001118568232381,8,2.0
USTECm,long,2024-10-09 14:30:00+00:00,20174.69,20080.02,94.66999999999825,0.24199852117883466,14,3.5
USTECm,long,2024-10-11 14:30:00+00:00,20294.68,20191.03,103.65000000000146,-0.3166425470332778,23,5.75
USTECm,short,2024-10-15 14:30:00+00:00,20363.53,20470.69,107.15999999999985,1.5344344904815277,30,7.5
USTECm,long,2024-10-29 14:30:00+00:00,20431.879999999997,20321.33,110.54999999999563,1.5640886476708307,58,14.5
USTECm,short,2024-11-11 15:00:00+00:00,21086.16,21253.08,166.9200000000019,-0.14509944883777193,21,5.25
USTECm,long,2024-11-14 08:00:00+00:00,21051.329999999998,21010.62,40.70999999999913,0.4360108081553431,23,5.75
USTECm,short,2024-11-22 09:30:00+00:00,20669.42,20769.92,100.5,-0.8784079601990296,21,5.25
USTECm,short,2024-12-18 14:00:00+00:00,22066.87,22162.43,95.56000000000131,7.677584763499248,41,10.25
USTECm,long,2024-12-31 09:30:00+00:00,21309.469999999998,21187.39,122.07999999999811,-0.13589449541281753,14,3.5
XAUUSDm,short,2024-01-24 15:00:00+00:00,2024.562,2034.376,9.814000000000078,0.7307927450580539,39,9.75
XAUUSDm,short,2024-01-29 15:00:00+00:00,2024.7,2037.561,12.860999999999876,-0.2511468781587784,21,5.25
XAUUSDm,short,2024-02-08 08:45:00+00:00,2029.393,2034.195,4.801999999999907,-1.0,5,1.25
XAUUSDm,long,2024-03-20 14:15:00+00:00,2163.329,2149.534,13.795000000000073,2.789271475172121,70,17.5
XAUUSDm,short,2024-03-21 09:00:00+00:00,2201.465,2210.158,8.692999999999756,-1.0,5,1.25
XAUUSDm,long,2024-03-22 12:30:00+00:00,2173.041,2165.175,7.8659999999999854,-1.0,16,4.0
XAUUSDm,long,2024-03-27 08:15:00+00:00,2181.529,2176.071,5.458000000000084,0.5172224257969626,20,5.0
XAUUSDm,short,2024-03-28 08:00:00+00:00,2193.719,2200.634,6.914999999999964,-0.5149674620390698,8,2.0
XAUUSDm,short,2024-04-08 12:45:00+00:00,2325.67,2343.531,17.860999999999876,-0.33760707687138386,19,4.75
XAUUSDm,short,2024-04-25 13:30:00+00:00,2316.664,2329.365,12.700999999999567,-1.0,5,1.25
XAUUSDm,long,2024-06-13 08:00:00+00:00,2317.273,2308.966,8.307000000000244,-0.4054411941735692,8,2.0
XAUUSDm,short,2024-07-30 12:15:00+00:00,2386.228,2392.44,6.211999999999989,-1.0,5,1.25
XAUUSDm,short,2024-08-26 14:15:00+00:00,2514.936,2526.906,11.9699999999998,-0.2104427736006533,11,2.75
XAUUSDm,long,2024-09-06 13:00:00+00:00,2522.481,2514.671,7.8100000000004,-1.0,1,0.25
XAUUSDm,short,2024-09-30 08:15:00+00:00,2653.306,2660.619,7.313000000000102,2.2974155613290983,33,8.25
XAUUSDm,short,2024-10-07 12:45:00+00:00,2643.181,2658.508,15.32699999999977,-0.10086774972270143,35,8.75
XAUUSDm,long,2024-10-15 08:30:00+00:00,2654.9410000000003,2637.975,16.96600000000035,-0.2304019804314526,12,3.0
XAUUSDm,short,2024-10-25 08:30:00+00:00,2722.204,2732.567,10.362999999999829,-0.6935250410112918,18,4.5
XAUUSDm,long,2024-11-07 07:45:00+00:00,2664.3970000000004,2652.794,11.60300000000052,2.258640006894618,46,11.5
XAUUSDm,long,2024-11-12 12:30:00+00:00,2602.8790000000004,2589.657,13.222000000000207,-0.4153683255180837,19,4.75
XAUUSDm,short,2024-11-19 07:30:00+00:00,2618.596,2626.636,8.039999999999964,-1.0,5,1.25
XAUUSDm,short,2024-11-26 15:00:00+00:00,2622.621,2634.819,12.197999999999865,-0.8353008689949142,24,6.0
XAUUSDm,long,2024-12-18 09:00:00+00:00,2648.237,2642.074,6.163000000000011,-0.4387473632971237,13,3.25
XAUUSDm,short,2024-12-26 14:00:00+00:00,2623.111,2630.019,6.907999999999902,-1.0,4,1.0
XAUUSDm,short,2024-12-27 08:30:00+00:00,2629.534,2637.029,7.494999999999891,0.19626417611741495,14,3.5
XAUUSDm,short,2024-12-27 13:45:00+00:00,2621.293,2631.55,10.257000000000062,0.1730525494784128,13,3.25
US30m,long,2025-01-13 13:00:00+00:00,41892.3,41757.6,134.70000000000437,3.486265775797946,49,12.25
US30m,long,2025-01-28 08:45:00+00:00,44732.8,44598.0,134.8000000000029,-0.2885756676557909,21,5.25
US30m,short,2025-02-14 08:30:00+00:00,44717.1,44784.3,67.20000000000437,0.09821428571425768,25,6.25
US30m,long,2025-02-18 07:15:00+00:00,44664.0,44597.9,66.09999999999854,-1.0,9,2.25
US30m,short,2025-02-26 14:15:00+00:00,43723.5,43818.4,94.90000000000146,-0.7323498419388718,4,1.0
US30m,short,2025-02-27 14:15:00+00:00,43511.1,43644.7,133.59999999999854,-1.0,2,0.5
US30m,short,2025-03-05 12:15:00+00:00,42690.2,42873.4,183.20000000000437,-0.7762008733624507,22,5.5
US30m,long,2025-03-13 09:45:00+00:00,41388.0,41193.9,194.09999999999854,-0.7769191138588565,16,4.0
US30m,short,2025-03-20 09:45:00+00:00,42045.5,42169.2,123.69999999999709,1.1253031527890085,17,4.25
US30m,long,2025-03-31 14:15:00+00:00,41461.5,41259.7,201.8000000000029,2.341922695738314,28,7.0
US30m,long,2025-04-16 08:45:00+00:00,40463.7,40009.9,453.79999999999563,-0.4270603790215899,17,4.25
US30m,long,2025-04-22 13:15:00+00:00,38602.6,38433.9,168.6999999999971,2.0005927682276576,17,4.25
US30m,short,2025-04-29 13:30:00+00:00,40246.8,40442.5,195.6999999999971,-1.0,2,0.5
US30m,short,2025-04-30 13:00:00+00:00,40219.0,40626.4,407.40000000000146,-0.3865979381443285,18,4.5
US30m,short,2025-05-16 13:45:00+00:00,42264.1,42473.6,209.5,-0.6701670644391478,10,2.5
US30m,short,2025-05-26 15:00:00+00:00,42000.3,42133.3,133.0,0.05864661654137526,38,9.5
US30m,short,2025-06-04 12:45:00+00:00,42532.9,42654.9,122.0,-1.0,4,1.0
US30m,short,2025-06-05 14:00:00+00:00,42289.5,42711.3,421.8000000000029,-0.4305357989568452,42,10.5
US30m,short,2025-06-09 14:00:00+00:00,42673.5,42876.4,202.90000000000146,-1.0,14,3.5
US30m,short,2025-06-12 08:15:00+00:00,42693.0,42787.4,94.40000000000146,0.2923728813559123,18,4.5
US30m,long,2025-06-12 13:00:00+00:00,42764.5,42597.8,166.6999999999971,0.9688062387522665,33,8.25
US30m,short,2025-07-02 08:45:00+00:00,44590.8,44703.3,112.5,-0.280888888888876,7,1.75
US30m,short,2025-07-02 13:00:00+00:00,44528.4,44628.3,99.90000000000146,-0.031031031031016013,32,8.0
US30m,long,2025-07-07 08:30:00+00:00,44785.1,44694.5,90.59999999999854,0.33443708609275274,18,4.5
US30m,short,2025-07-07 13:15:00+00:00,44760.9,44883.8,122.90000000000146,2.892595606183855,50,12.5
US30m,short,2025-07-24 07:15:00+00:00,44890.4,44926.2,35.799999999995634,-0.9162011173184256,12,3.0
US30m,long,2025-08-19 08:30:00+00:00,44933.0,44856.1,76.90000000000146,-1.0,7,1.75
US30m,long,2025-08-27 14:00:00+00:00,45538.9,45423.0,115.90000000000146,0.37963761863675105,25,6.25
US30m,short,2025-08-29 14:30:00+00:00,45467.7,45644.3,176.60000000000582,-0.6602491506228878,22,5.5
US30m,long,2025-09-01 08:45:00+00:00,45642.9,45536.4,106.5,-0.6028169014084916,12,3.0
US30m,short,2025-09-03 13:00:00+00:00,45218.1,45356.8,138.70000000000437,0.4390771449170839,27,6.75
US30m,long,2025-09-24 12:30:00+00:00,46420.5,46334.6,85.90000000000146,-0.7159487776484162,10,2.5
US30m,short,2025-10-02 14:30:00+00:00,46424.2,46507.1,82.90000000000146,-1.0,13,3.25
US30m,long,2025-10-03 14:00:00+00:00,46793.1,46658.7,134.40000000000146,0.5200892857142909,16,4.0
US30m,short,2025-10-06 14:00:00+00:00,46581.5,46936.6,355.09999999999854,-0.5057730216840306,15,3.75
US30m,long,2025-10-30 14:00:00+00:00,47890.2,47438.6,451.59999999999854,-0.2610717449069853,17,4.25
US30m,short,2025-11-19 14:30:00+00:00,46159.7,46273.9,114.20000000000437,-1.0,3,0.75
US30m,short,2025-11-20 09:45:00+00:00,46387.7,46517.9,130.20000000000437,-0.7534562211981761,13,3.25
US30m,short,2025-11-24 09:45:00+00:00,46282.8,46489.5,206.6999999999971,-0.9917755200774209,24,6.0
US30m,short,2025-11-26 09:30:00+00:00,47249.3,47285.6,36.299999999995634,-1.0,4,1.0
US30m,long,2025-12-01 08:30:00+00:00,47556.0,47470.7,85.30000000000291,-0.45603751465416326,17,4.25
US30m,long,2025-12-02 09:15:00+00:00,47358.7,47260.3,98.39999999999418,-0.10569105691051621,22,5.5
US30m,short,2025-12-03 14:30:00+00:00,47490.5,47666.9,176.40000000000146,-1.0,3,0.75
US30m,short,2025-12-08 15:00:00+00:00,47962.7,48027.2,64.5,2.218604651162768,32,8.0
US30m,long,2025-12-18 09:15:00+00:00,47952.8,47868.2,84.60000000000582,1.4822695035459286,32,8.0
US30m,long,2025-12-19 14:45:00+00:00,48249.5,47991.3,258.1999999999971,-0.0433772269558374,22,5.5
US30m,long,2025-12-22 14:15:00+00:00,48260.2,48181.4,78.79999999999563,1.8654822335026415,47,11.75
US30m,short,2026-01-02 07:30:00+00:00,48211.8,48257.7,45.89999999999418,-1.0,7,1.75
US30m,long,2026-01-05 14:30:00+00:00,48473.1,48384.2,88.90000000000146,5.984251968503839,33,8.25
US30m,long,2026-01-13 12:15:00+00:00,49591.2,49549.8,41.39999999999418,-1.0,3,0.75
US30m,short,2026-01-23 08:30:00+00:00,49410.5,49480.8,70.30000000000291,5.163584637268634,82,20.5
US30m,short,2026-01-28 09:00:00+00:00,49018.2,49084.7,66.5,-1.0,7,1.75
US30m,short,2026-02-05 09:15:00+00:00,49362.2,49486.7,124.5,-1.0,4,1.0
US30m,long,2026-02-10 14:45:00+00:00,50377.4,50051.6,325.8000000000029,-0.3075506445672298,15,3.75
US30m,long,2026-02-17 08:15:00+00:00,49524.7,49323.4,201.29999999999563,-0.34376552409338595,10,2.5
US30m,long,2026-02-26 10:00:00+00:00,49468.7,49398.0,70.69999999999709,-1.0,22,5.5
US30m,long,2026-03-02 15:00:00+00:00,48712.9,48391.2,321.70000000000437,0.43985079266396665,21,5.25
US30m,long,2026-03-05 09:30:00+00:00,48728.8,48500.4,228.40000000000146,-1.0,15,3.75
US30m,long,2026-03-26 14:00:00+00:00,46560.2,46030.2,530.0,-1.0,14,3.5
US30m,long,2026-04-16 12:15:00+00:00,48593.0,48484.6,108.40000000000146,-1.0,7,1.75
US30m,short,2026-04-21 15:00:00+00:00,49477.4,49891.8,414.40000000000146,0.19787644787644718,32,8.0
US30m,long,2026-05-28 14:30:00+00:00,50690.2,50372.1,318.09999999999854,0.14240804778372562,34,8.5
US30m,long,2026-06-02 14:00:00+00:00,50973.7,50877.2,96.5,4.05699481865285,56,14.0
US30m,short,2026-06-11 12:45:00+00:00,50233.5,50433.0,199.5,-1.0,5,1.25
US30m,short,2026-06-30 12:30:00+00:00,52253.5,52454.4,200.90000000000146,-0.7461423593827793,9,2.25
US30m,short,2026-07-07 14:15:00+00:00,53023.6,53275.8,252.20000000000437,0.15543219666929584,13,3.25
US30m,long,2026-07-17 14:15:00+00:00,52603.2,52241.7,361.5,-0.47634854771783425,9,2.25
US30m,short,2026-07-20 14:15:00+00:00,52073.7,52457.0,383.3000000000029,0.35611792329767533,33,8.25
US30m,short,2026-07-21 12:45:00+00:00,51986.3,52154.3,168.0,-1.0,6,1.5
US30m,long,2026-07-21 14:30:00+00:00,52226.4,52011.5,214.90000000000146,0.07119590507210577,26,6.5
US30m,long,2026-07-22 14:00:00+00:00,52483.6,52197.4,286.1999999999971,-0.611809923130679,21,5.25
US30m,short,2026-08-20 07:30:00+00:00,53446.4,53545.3,98.90000000000146,2.2032355915065547,31,7.75
US30m,long,2026-08-24 09:00:00+00:00,53318.4,53230.4,88.0,-1.0,8,2.0
US30m,short,2026-08-25 14:00:00+00:00,53449.5,53746.4,296.90000000000146,-0.3940720781407862,19,4.75
US30m,long,2026-09-02 12:15:00+00:00,52950.4,52697.4,253.0,0.1296442687746863,22,5.5
US30m,short,2026-09-21 14:00:00+00:00,51854.5,52183.4,328.90000000000146,-0.3548190939495183,2,0.5
USTECm,short,2025-01-16 13:15:00+00:00,21295.86,21375.14,79.27999999999884,1.9673309788093272,55,13.75
USTECm,long,2025-02-11 15:00:00+00:00,21698.53,21589.84,108.68999999999869,0.18584966418254642,47,11.75
USTECm,short,2025-02-17 07:45:00+00:00,22179.76,22215.22,35.460000000002765,-0.3389734912577411,26,6.5
USTECm,long,2025-02-18 07:15:00+00:00,22250.19,22185.62,64.56999999999971,-0.676320272572378,11,2.75
USTECm,short,2025-02-18 14:45:00+00:00,22159.1,22226.66,67.56000000000131,0.5497335701598386,25,6.25
USTECm,short,2025-02-20 15:00:00+00:00,21949.04,22150.83,201.79000000000087,-0.4325288666435327,17,4.25
USTECm,short,2025-02-21 15:00:00+00:00,22037.03,22122.22,85.19000000000233,3.4852682239698525,45,11.25
USTECm,short,2025-03-05 12:15:00+00:00,20477.24,20606.84,129.59999999999854,0.018672839506187647,22,5.5
USTECm,short,2025-03-06 08:00:00+00:00,20513.25,20626.14,112.88999999999942,0.906191868190272,30,7.5
USTECm,short,2025-03-12 07:15:00+00:00,19386.14,19473.78,87.63999999999942,-1.0,3,0.75
USTECm,long,2025-03-27 14:45:00+00:00,19980.68,19829.78,150.90000000000146,-1.0,9,2.25
USTECm,short,2025-03-28 07:15:00+00:00,19747.67,19829.14,81.47000000000116,-0.33312875905244466,25,6.25
USTECm,short,2025-04-03 13:00:00+00:00,18690.04,18899.14,209.09999999999854,-1.0,3,0.75
USTECm,long,2025-05-23 07:45:00+00:00,21168.76,21093.14,75.61999999999898,-1.0,7,1.75
USTECm,short,2025-05-26 15:00:00+00:00,21188.9,21246.84,57.93999999999869,-1.0,5,1.25
USTECm,long,2025-05-27 14:45:00+00:00,21332.62,21226.17,106.45000000000073,0.8558008454673702,48,12.0
USTECm,short,2025-06-04 12:45:00+00:00,21664.36,21745.61,81.25,-1.0,4,1.0
USTECm,short,2025-06-12 08:30:00+00:00,21748.82,21838.62,89.79999999999927,-1.0,5,1.25
USTECm,long,2025-07-02 14:15:00+00:00,22563.039999999997,22444.86,118.17999999999665,0.7018107970892256,44,11.0
USTECm,short,2025-07-07 13:30:00+00:00,22761.02,22819.31,58.29000000000087,0.8648138617258381,41,10.25
USTECm,short,2025-08-05 14:30:00+00:00,23188.64,23301.01,112.36999999999898,0.5944647147815242,13,3.25
USTECm,short,2025-08-14 13:00:00+00:00,23760.31,23866.83,106.52000000000044,-1.0,4,1.0
USTECm,short,2025-08-15 09:00:00+00:00,23802.85,23868.34,65.4900000000016,0.8442510306916458,49,12.25
USTECm,long,2025-08-22 08:30:00+00:00,23171.35,23116.02,55.32999999999811,0.10934393638176608,18,4.5
USTECm,short,2025-09-04 13:00:00+00:00,23458.75,23508.06,49.31000000000131,-0.7373757858446485,3,0.75
USTECm,short,2025-09-05 14:45:00+00:00,23583.59,23817.67,234.0799999999981,-0.23064764183186107,16,4.0
USTECm,long,2025-09-08 07:30:00+00:00,23747.91,23709.54,38.36999999999898,-0.02189210320563377,47,11.75
USTECm,short,2025-09-18 13:15:00+00:00,24453.17,24539.08,85.91000000000349,-1.0,4,1.0
USTECm,long,2025-09-29 14:00:00+00:00,24747.489999999998,24659.46,88.02999999999884,-1.0,7,1.75
USTECm,long,2025-10-06 09:45:00+00:00,24953.62,24865.03,88.59000000000015,-0.062083756631673905,16,4.0
USTECm,short,2025-10-20 09:15:00+00:00,24943.97,24992.07,48.099999999998545,-0.4016632016632078,14,3.5
USTECm,short,2025-10-21 14:15:00+00:00,25112.58,25168.59,56.0099999999984,-1.0,7,1.75
USTECm,long,2025-10-23 14:00:00+00:00,25031.25,24812.58,218.66999999999825,0.9309004435908124,87,21.75
USTECm,short,2025-10-29 09:30:00+00:00,26121.17,26191.69,70.52000000000044,-0.8515314804311194,18,4.5
USTECm,long,2025-10-31 08:00:00+00:00,26109.77,26049.87,59.900000000001455,-1.0,2,0.5
USTECm,long,2025-11-21 13:00:00+00:00,24141.96,23879.42,262.5400000000009,-0.889997714633957,11,2.75
USTECm,short,2025-11-24 09:45:00+00:00,24373.27,24472.76,99.48999999999796,-1.0,13,3.25
USTECm,long,2025-12-02 09:15:00+00:00,25427.84,25316.06,111.77999999999884,0.2953122204329821,29,7.25
USTECm,long,2025-12-03 13:00:00+00:00,25647.899999999998,25597.73,50.169999999998254,-1.0,5,1.25
USTECm,long,2025-12-04 10:00:00+00:00,25680.23,25620.56,59.669999999998254,-1.0,6,1.5
USTECm,short,2025-12-17 15:00:00+00:00,25119.28,25293.97,174.69000000000233,2.0048657622073094,25,6.25
USTECm,long,2025-12-19 15:00:00+00:00,25342.289999999997,25095.11,247.17999999999665,0.5011327777328437,53,13.25
USTECm,short,2026-01-02 12:30:00+00:00,25522.16,25566.55,44.38999999999942,-0.2930840279341872,9,2.25
USTECm,short,2026-01-22 15:00:00+00:00,25458.5,25618.24,159.7400000000016,-0.598347314385882,37,9.25
USTECm,short,2026-01-23 08:30:00+00:00,25509.84,25611.87,102.02999999999884,-0.04655493482309178,25,6.25
USTECm,short,2026-01-26 10:00:00+00:00,25506.91,25599.38,92.47000000000116,-0.6045203849897345,9,2.25
USTECm,long,2026-02-02 08:45:00+00:00,25309.28,25089.25,220.02999999999884,2.2359678225696595,44,11.0
USTECm,short,2026-02-04 09:45:00+00:00,25283.14,25398.47,115.33000000000175,-0.8010925171247553,8,2.0
USTECm,long,2026-02-17 08:15:00+00:00,24648.11,24509.65,138.45999999999913,-0.5920843564928505,10,2.5
USTECm,long,2026-03-02 15:00:00+00:00,24836.219999999998,24604.64,231.5799999999981,0.46692287762329177,21,5.25
USTECm,long,2026-03-04 08:00:00+00:00,24640.18,24482.6,157.58000000000175,2.8466175910648226,53,13.25
USTECm,long,2026-03-05 09:30:00+00:00,25117.25,24959.1,158.15000000000146,-0.2748024027821608,11,2.75
USTECm,short,2026-05-21 07:30:00+00:00,29198.38,29378.68,180.29999999999927,-1.0,4,1.0
USTECm,short,2026-05-22 09:30:00+00:00,29440.46,29558.42,117.95999999999913,-1.0,17,4.25
USTECm,long,2026-05-28 13:00:00+00:00,30018.78,29830.09,188.6899999999987,1.1996926175208236,24,6.0
USTECm,short,2026-06-01 07:45:00+00:00,30480.8,30568.68,87.88000000000102,0.38973600364132455,31,7.75
USTECm,short,2026-06-04 08:30:00+00:00,30359.13,30533.26,174.12999999999738,0.46660540975134224,17,4.25
USTECm,long,2026-06-04 13:00:00+00:00,30301.48,30154.24,147.23999999999796,-1.0,5,1.25
USTECm,short,2026-06-09 14:30:00+00:00,29446.32,29749.7,303.380000000001,0.9789373063484639,23,5.75
USTECm,short,2026-06-22 15:00:00+00:00,30395.04,30599.85,204.80999999999767,-0.13275718959034716,20,5.0
USTECm,long,2026-06-30 14:00:00+00:00,30144.84,29783.76,361.08000000000175,0.36994571840034746,26,6.5
USTECm,long,2026-07-13 08:30:00+00:00,29545.379999999997,29363.81,181.56999999999607,0.05364322299940415,14,3.5
USTECm,long,2026-07-30 09:30:00+00:00,27436.3,27232.27,204.02999999999884,4.740479341273373,103,25.75
USTECm,short,2026-08-14 14:45:00+00:00,30074.36,30199.11,124.75,0.3867735470941884,20,5.0
USTECm,short,2026-08-17 12:45:00+00:00,30117.34,30268.46,151.11999999999898,-0.5044997353097017,10,2.5
USTECm,short,2026-08-20 08:30:00+00:00,29435.7,29599.94,164.23999999999796,1.0046882610813692,51,12.75
USTECm,short,2026-08-21 14:00:00+00:00,29237.8,29473.78,235.97999999999956,-0.4817781167895692,34,8.5
USTECm,long,2026-08-24 09:00:00+00:00,29157.469999999998,29068.2,89.2699999999968,-0.4632015234681307,19,4.75
USTECm,long,2026-09-02 14:45:00+00:00,29177.809999999998,28992.94,184.86999999999898,-0.3211445880889236,41,10.25
XAUUSDm,short,2025-01-10 12:45:00+00:00,2677.582,2682.687,5.105000000000018,-1.0,5,1.25
XAUUSDm,long,2025-01-27 08:45:00+00:00,2758.9660000000003,2750.839,8.127000000000407,-1.0,23,5.75
XAUUSDm,short,2025-02-05 14:00:00+00:00,2861.642,2870.87,9.228000000000065,-1.0,4,1.0
XAUUSDm,long,2025-02-12 14:30:00+00:00,2895.7810000000004,2864.102,31.679000000000542,0.5264686385302296,67,16.75
XAUUSDm,short,2025-02-24 14:45:00+00:00,2942.644,2951.141,8.497000000000298,-0.8551253383546924,23,5.75
XAUUSDm,long,2025-03-03 09:15:00+00:00,2869.409,2860.65,8.759000000000015,2.0476081744491283,38,9.5
XAUUSDm,short,2025-03-25 12:30:00+00:00,3016.672,3026.436,9.764000000000124,-1.0,5,1.25
XAUUSDm,short,2025-04-22 07:30:00+00:00,3465.464,3500.033,34.56899999999996,3.341057016401978,64,16.0
XAUUSDm,short,2025-04-24 14:00:00+00:00,3315.348,3343.988,28.639999999999873,-0.5257332402234746,8,2.0
XAUUSDm,long,2025-04-30 12:45:00+00:00,3295.654,3272.1,23.554000000000087,0.14392459879425407,27,6.75
XAUUSDm,short,2025-05-07 09:45:00+00:00,3378.277,3397.425,19.14800000000014,-0.7891163567996667,10,2.5
XAUUSDm,long,2025-05-12 13:30:00+00:00,3238.521,3208.497,30.024000000000342,-0.5794697575273094,20,5.0
XAUUSDm,short,2025-05-13 12:15:00+00:00,3241.579,3258.576,16.996999999999844,-0.5405659822321428,31,7.75
XAUUSDm,short,2025-05-14 12:15:00+00:00,3213.654,3239.201,25.547000000000025,1.0311191137902718,47,11.75
XAUUSDm,short,2025-06-16 14:00:00+00:00,3388.255,3422.654,34.39899999999989,-0.007413006192043664,29,7.25
XAUUSDm,short,2025-06-25 09:30:00+00:00,3322.76,3337.117,14.356999999999971,-0.4742634255067044,8,2.0
XAUUSDm,short,2025-07-08 08:30:00+00:00,3328.512,3339.5,10.987999999999829,2.22406261376051,56,14.0
XAUUSDm,long,2025-07-17 14:45:00+00:00,3333.0060000000003,3309.883,23.123000000000502,0.1904164684513124,38,9.5
XAUUSDm,long,2025-07-18 07:15:00+00:00,3344.2120000000004,3333.738,10.474000000000615,0.6679396601106768,41,10.25
XAUUSDm,short,2025-08-01 08:00:00+00:00,3286.861,3300.445,13.584000000000287,-0.4804917550058823,4,1.0
XAUUSDm,long,2025-08-08 08:00:00+00:00,3402.2360000000003,3388.712,13.524000000000342,-0.6125406684412819,10,2.5
XAUUSDm,long,2025-08-22 07:30:00+00:00,3332.692,3326.939,5.753000000000156,-1.0,2,0.5
XAUUSDm,long,2025-08-22 14:00:00+00:00,3333.9620000000004,3325.006,8.956000000000586,3.9015185350599895,29,7.25
XAUUSDm,long,2025-09-17 13:00:00+00:00,3678.8860000000004,3660.56,18.326000000000477,0.21548619447776446,17,4.25
XAUUSDm,long,2025-09-18 09:00:00+00:00,3665.733,3633.826,31.907000000000153,-0.0071457673864689375,11,2.75
XAUUSDm,short,2025-09-18 13:15:00+00:00,3658.697,3672.452,13.75500000000011,0.8959651035986893,15,3.75
XAUUSDm,short,2025-10-02 14:15:00+00:00,3871.428,3885.359,13.93100000000004,1.6865264517981353,18,4.5
XAUUSDm,long,2025-10-24 13:00:00+00:00,4082.2470000000003,4043.978,38.26900000000023,0.510961875146985,29,7.25
XAUUSDm,short,2025-11-03 09:45:00+00:00,3997.208,4023.646,26.438000000000102,-1.0,21,5.25
XAUUSDm,long,2025-11-18 09:00:00+00:00,4037.077,4002.459,34.61800000000039,-0.20084926916633977,16,4.0
XAUUSDm,long,2025-11-21 13:00:00+00:00,4066.0750000000003,4030.923,35.1520000000005,-0.129096495220767,11,2.75
XAUUSDm,short,2025-12-01 15:00:00+00:00,4240.225,4264.527,24.30199999999968,-0.08641264093488116,15,3.75
XAUUSDm,short,2025-12-09 14:30:00+00:00,4193.395,4207.596,14.200999999999112,-1.0,2,0.5
XAUUSDm,long,2025-12-18 14:00:00+00:00,4336.916,4314.545,22.371000000000095,-1.0,3,0.75
XAUUSDm,short,2025-12-23 14:30:00+00:00,4464.909,4494.137,29.228000000000065,-0.5100588476803176,15,3.75
XAUUSDm,short,2026-01-02 13:45:00+00:00,4372.627,4398.55,25.922999999999774,1.5107047795394284,33,8.25
XAUUSDm,short,2026-01-06 09:45:00+00:00,4455.892,4476.002,20.110000000000582,-1.0,20,5.0
XAUUSDm,short,2026-01-14 15:00:00+00:00,4617.582,4638.949,21.36699999999928,-0.3398698928253831,14,3.5
XAUUSDm,short,2026-01-26 13:45:00+00:00,5070.948,5096.982,26.03399999999965,-1.0,5,1.25
XAUUSDm,short,2026-02-17 14:15:00+00:00,4896.186,4944.408,48.22200000000066,0.05638505246567985,18,4.5
XAUUSDm,short,2026-02-18 09:00:00+00:00,4917.209,4942.381,25.17200000000048,-0.2880581598601647,13,3.25
XAUUSDm,long,2026-02-18 13:00:00+00:00,4943.417,4909.379,34.038000000000466,1.4095716552088462,22,5.5
XAUUSDm,short,2026-02-19 09:45:00+00:00,5003.434,5021.782,18.347999999999956,0.5790276869413463,16,4.0
XAUUSDm,long,2026-02-27 12:15:00+00:00,5185.911,5172.107,13.804000000000087,2.6046798029556433,22,5.5
XAUUSDm,short,2026-03-05 13:45:00+00:00,5131.187,5171.633,40.44599999999991,1.131236710675963,27,6.75
XAUUSDm,long,2026-03-12 08:00:00+00:00,5182.032,5140.387,41.64500000000044,-0.18379157161724988,14,3.5
XAUUSDm,short,2026-04-16 14:15:00+00:00,4801.078,4824.007,22.928999999999178,0.13908151249511186,33,8.25
XAUUSDm,short,2026-05-25 12:30:00+00:00,4560.352,4573.642,13.289999999999964,-0.8372460496614325,11,2.75
XAUUSDm,long,2026-06-05 07:15:00+00:00,4458.856,4428.564,30.29199999999946,-0.0026409613099144546,17,4.25
XAUUSDm,short,2026-06-09 14:30:00+00:00,4318.103,4343.874,25.77099999999973,5.073183035194651,57,14.25
XAUUSDm,long,2026-06-30 14:30:00+00:00,4054.398,4008.535,45.863000000000284,-0.7036172949872399,11,2.75
XAUUSDm,short,2026-07-24 13:30:00+00:00,4046.175,4063.95,17.774999999999636,-1.0,2,0.5
XAUUSDm,short,2026-07-29 09:45:00+00:00,4034.203,4047.826,13.623000000000047,-0.13829552961902725,30,7.5
XAUUSDm,short,2026-08-04 09:15:00+00:00,4050.554,4072.889,22.335000000000036,-1.0,11,2.75
XAUUSDm,short,2026-08-25 13:30:00+00:00,4609.819,4645.28,35.46099999999933,-0.9739150052169934,8,2.0
XAUUSDm,long,2026-09-07 08:30:00+00:00,4419.844,4385.23,34.61400000000049,-1.0,13,3.25
XAUUSDm,short,2026-09-10 07:45:00+00:00,4409.519,4435.006,25.48700000000008,3.329344371640452,64,16.0
XAUUSDm,short,2026-09-21 14:15:00+00:00,4339.94,4374.928,34.988000000000284,-0.014404938836189337,1,0.25
